SQL> @j2
SQL> select sum(a.id), sum(b.id),
  2         sum(c.id), sum(d.id), sum(e.id)
  3  from   table_10          a
  4         join table_100    b on (a.id = b.fkcol)
  5         join table_1000   c on (b.id = c.fkcol)
  6         join table_10000  d on (c.id = d.fkcol)
  7         join table_100000 e on (d.id = e.fkcol)
  8  and    d.id <= 900;

 SUM(A.ID)  SUM(B.ID)  SUM(C.ID)  SUM(D.ID)  SUM(E.ID)
---------- ---------- ---------- ---------- ----------
     40500     405000    3645000    3645000  368145000

Elapsed: 00:00:00.05
SQL> 
SQL> @@typ
SQL> set linesize 200
SQL> set tab off
SQL> set pagesize 1000
SQL> column plan_table_output format a180
SQL> 
SQL> SELECT *
  2  FROM table(DBMS_XPLAN.DISPLAY_CURSOR(FORMAT=>'TYPICAL'));

PLAN_TABLE_OUTPUT
------------------------------------------------------------------------------------------------------------------------------------------------------------------------------------
SQL_ID  6wvtz7uhncxkr, child number 0
-------------------------------------
select sum(a.id), sum(b.id),        sum(c.id), sum(d.id), sum(e.id)
from   table_10          a        join table_100    b on (a.id =
b.fkcol)        join table_1000   c on (b.id = c.fkcol)        join
table_10000  d on (c.id = d.fkcol)        join table_100000 e on (d.id
= e.fkcol) and    d.id <= 900

Plan hash value: 2342331758

---------------------------------------------------------------------------------------
| Id  | Operation              | Name         | Rows  | Bytes | Cost (%CPU)| Time     |
---------------------------------------------------------------------------------------
|   0 | SELECT STATEMENT       |              |       |       |    97 (100)|          |
|   1 |  SORT AGGREGATE        |              |     1 |    33 |            |          |
|*  2 |   HASH JOIN            |              |  1341 | 44253 |    97   (4)| 00:00:01 |
|*  3 |    HASH JOIN           |              |   909 | 21816 |    18   (0)| 00:00:01 |
|*  4 |     TABLE ACCESS FULL  | TABLE_10000  |   900 |  7200 |     9   (0)| 00:00:01 |
|*  5 |     HASH JOIN          |              |  1000 | 16000 |     9   (0)| 00:00:01 |
|*  6 |      HASH JOIN         |              |   100 |   900 |     6   (0)| 00:00:01 |
|   7 |       TABLE ACCESS FULL| TABLE_10     |    10 |    30 |     3   (0)| 00:00:01 |
|   8 |       TABLE ACCESS FULL| TABLE_100    |   100 |   600 |     3   (0)| 00:00:01 |
|   9 |      TABLE ACCESS FULL | TABLE_1000   |  1000 |  7000 |     3   (0)| 00:00:01 |
|* 10 |    TABLE ACCESS FULL   | TABLE_100000 |  9011 | 81099 |    78   (3)| 00:00:01 |
---------------------------------------------------------------------------------------

Predicate Information (identified by operation id):
---------------------------------------------------

   2 - access("D"."ID"="E"."FKCOL")
   3 - access("C"."ID"="D"."FKCOL")
   4 - filter("D"."ID"<=900)
   5 - access("B"."ID"="C"."FKCOL")
   6 - access("A"."ID"="B"."FKCOL")
  10 - filter("E"."FKCOL"<=900)


36 rows selected.

Elapsed: 00:00:00.03
SQL> 
SQL> pause Press <cr> to continue
Press <cr> to continue

SQL> 
SQL> select /*+ gather_plan_statistics */
  2         sum(a.id), sum(b.id),
  3         sum(c.id), sum(d.id), sum(e.id)
  4  from   table_10          a
  5         join table_100    b on (a.id = b.fkcol)
  6         join table_1000   c on (b.id = c.fkcol)
  7         join table_10000  d on (c.id = d.fkcol)
  8         join table_100000 e on (d.id = e.fkcol)
  9  and    d.id <= 900;

 SUM(A.ID)  SUM(B.ID)  SUM(C.ID)  SUM(D.ID)  SUM(E.ID)
---------- ---------- ---------- ---------- ----------
     40500     405000    3645000    3645000  368145000

Elapsed: 00:00:00.05
SQL> 
SQL> @@sta
SQL> set linesize 200
SQL> set tab off
SQL> set pagesize 1000
SQL> column plan_table_output format a180
SQL> 
SQL> SELECT *
  2  FROM table(DBMS_XPLAN.DISPLAY_CURSOR(FORMAT=>'LAST ALLSTATS -MEMSTATS'));

PLAN_TABLE_OUTPUT
------------------------------------------------------------------------------------------------------------------------------------------------------------------------------------
SQL_ID  fwm818k8c4b7n, child number 0
-------------------------------------
select /*+ gather_plan_statistics */        sum(a.id), sum(b.id),
 sum(c.id), sum(d.id), sum(e.id) from   table_10          a        join
table_100    b on (a.id = b.fkcol)        join table_1000   c on (b.id
= c.fkcol)        join table_10000  d on (c.id = d.fkcol)        join
table_100000 e on (d.id = e.fkcol) and    d.id <= 900

Plan hash value: 2342331758

---------------------------------------------------------------------------------------------------------------------------------
| Id  | Operation              | Name         | Starts | E-Rows |E-Bytes| Cost (%CPU)| E-Time   | A-Rows |   A-Time   | Buffers |
---------------------------------------------------------------------------------------------------------------------------------
|   0 | SELECT STATEMENT       |              |      1 |        |       |    97 (100)|          |      1 |00:00:00.03 |     353 |
|   1 |  SORT AGGREGATE        |              |      1 |      1 |    33 |            |          |      1 |00:00:00.03 |     353 |
|*  2 |   HASH JOIN            |              |      1 |   1341 | 44253 |    97   (4)| 00:00:01 |   8100 |00:00:00.01 |     353 |
|*  3 |    HASH JOIN           |              |      1 |    909 | 21816 |    18   (0)| 00:00:01 |    810 |00:00:00.01 |      74 |
|*  4 |     TABLE ACCESS FULL  | TABLE_10000  |      1 |    900 |  7200 |     9   (0)| 00:00:01 |    900 |00:00:00.01 |      36 |
|*  5 |     HASH JOIN          |              |      1 |   1000 | 16000 |     9   (0)| 00:00:01 |    900 |00:00:00.01 |      35 |
|*  6 |      HASH JOIN         |              |      1 |    100 |   900 |     6   (0)| 00:00:01 |     90 |00:00:00.01 |      21 |
|   7 |       TABLE ACCESS FULL| TABLE_10     |      1 |     10 |    30 |     3   (0)| 00:00:01 |     10 |00:00:00.01 |       9 |
|   8 |       TABLE ACCESS FULL| TABLE_100    |      1 |    100 |   600 |     3   (0)| 00:00:01 |    100 |00:00:00.01 |       9 |
|   9 |      TABLE ACCESS FULL | TABLE_1000   |      1 |   1000 |  7000 |     3   (0)| 00:00:01 |   1000 |00:00:00.01 |      11 |
|* 10 |    TABLE ACCESS FULL   | TABLE_100000 |      1 |   9011 | 81099 |    78   (3)| 00:00:01 |   9010 |00:00:00.01 |     276 |
---------------------------------------------------------------------------------------------------------------------------------

Predicate Information (identified by operation id):
---------------------------------------------------

   2 - access("D"."ID"="E"."FKCOL")
   3 - access("C"."ID"="D"."FKCOL")
   4 - filter("D"."ID"<=900)
   5 - access("B"."ID"="C"."FKCOL")
   6 - access("A"."ID"="B"."FKCOL")
  10 - filter("E"."FKCOL"<=900)


36 rows selected.

Elapsed: 00:00:00.07
SQL> 
SQL> pause Press <cr> to continue
Press <cr> to continue

SQL> 
SQL> select /*+ gather_plan_statistics */
  2         sum(a.id), sum(b.id),
  3         sum(c.id), sum(d.id), sum(e.id)
  4  from   table_10          a
  5         join table_100    b on (a.id = b.fkcol)
  6         join table_1000   c on (b.id = c.fkcol)
  7         join table_10000  d on (c.id = d.fkcol)
  8         join table_100000 e on (d.id = e.fkcol)
  9  and    d.id <= 900;

 SUM(A.ID)  SUM(B.ID)  SUM(C.ID)  SUM(D.ID)  SUM(E.ID)
---------- ---------- ---------- ---------- ----------
     40500     405000    3645000    3645000  368145000

Elapsed: 00:00:00.04
SQL> 
SQL> @adv
SQL> set linesize 200
SQL> set tab off
SQL> set pagesize 1000
SQL> column plan_table_output format a180
SQL> 
SQL> SELECT *
  2  FROM table(DBMS_XPLAN.DISPLAY_CURSOR(FORMAT=>'ALL +OUTLINE'));

PLAN_TABLE_OUTPUT
------------------------------------------------------------------------------------------------------------------------------------------------------------------------------------
SQL_ID  fwm818k8c4b7n, child number 0
-------------------------------------
select /*+ gather_plan_statistics */        sum(a.id), sum(b.id),
 sum(c.id), sum(d.id), sum(e.id) from   table_10          a        join
table_100    b on (a.id = b.fkcol)        join table_1000   c on (b.id
= c.fkcol)        join table_10000  d on (c.id = d.fkcol)        join
table_100000 e on (d.id = e.fkcol) and    d.id <= 900

Plan hash value: 2342331758

---------------------------------------------------------------------------------------
| Id  | Operation              | Name         | Rows  | Bytes | Cost (%CPU)| Time     |
---------------------------------------------------------------------------------------
|   0 | SELECT STATEMENT       |              |       |       |    97 (100)|          |
|   1 |  SORT AGGREGATE        |              |     1 |    33 |            |          |
|*  2 |   HASH JOIN            |              |  1341 | 44253 |    97   (4)| 00:00:01 |
|*  3 |    HASH JOIN           |              |   909 | 21816 |    18   (0)| 00:00:01 |
|*  4 |     TABLE ACCESS FULL  | TABLE_10000  |   900 |  7200 |     9   (0)| 00:00:01 |
|*  5 |     HASH JOIN          |              |  1000 | 16000 |     9   (0)| 00:00:01 |
|*  6 |      HASH JOIN         |              |   100 |   900 |     6   (0)| 00:00:01 |
|   7 |       TABLE ACCESS FULL| TABLE_10     |    10 |    30 |     3   (0)| 00:00:01 |
|   8 |       TABLE ACCESS FULL| TABLE_100    |   100 |   600 |     3   (0)| 00:00:01 |
|   9 |      TABLE ACCESS FULL | TABLE_1000   |  1000 |  7000 |     3   (0)| 00:00:01 |
|* 10 |    TABLE ACCESS FULL   | TABLE_100000 |  9011 | 81099 |    78   (3)| 00:00:01 |
---------------------------------------------------------------------------------------

Query Block Name / Object Alias (identified by operation id):
-------------------------------------------------------------

   1 - SEL$81719215
   4 - SEL$81719215 / D@SEL$3
   7 - SEL$81719215 / A@SEL$1
   8 - SEL$81719215 / B@SEL$1
   9 - SEL$81719215 / C@SEL$2
  10 - SEL$81719215 / E@SEL$4

Outline Data
-------------

  /*+
      BEGIN_OUTLINE_DATA
      IGNORE_OPTIM_EMBEDDED_HINTS
      OPTIMIZER_FEATURES_ENABLE('12.2.0.1')
      DB_VERSION('12.2.0.1')
      ALL_ROWS
      OUTLINE_LEAF(@"SEL$81719215")
      MERGE(@"SEL$EE94F965" >"SEL$5")
      OUTLINE(@"SEL$5")
      OUTLINE(@"SEL$EE94F965")
      MERGE(@"SEL$9E43CB6E" >"SEL$4")
      OUTLINE(@"SEL$4")
      OUTLINE(@"SEL$9E43CB6E")
      MERGE(@"SEL$58A6D7F6" >"SEL$3")
      OUTLINE(@"SEL$3")
      OUTLINE(@"SEL$58A6D7F6")
      MERGE(@"SEL$1" >"SEL$2")
      OUTLINE(@"SEL$2")
      OUTLINE(@"SEL$1")
      FULL(@"SEL$81719215" "A"@"SEL$1")
      FULL(@"SEL$81719215" "B"@"SEL$1")
      FULL(@"SEL$81719215" "C"@"SEL$2")
      FULL(@"SEL$81719215" "D"@"SEL$3")
      FULL(@"SEL$81719215" "E"@"SEL$4")
      LEADING(@"SEL$81719215" "A"@"SEL$1" "B"@"SEL$1" "C"@"SEL$2" "D"@"SEL$3"
              "E"@"SEL$4")
      USE_HASH(@"SEL$81719215" "B"@"SEL$1")
      USE_HASH(@"SEL$81719215" "C"@"SEL$2")
      USE_HASH(@"SEL$81719215" "D"@"SEL$3")
      USE_HASH(@"SEL$81719215" "E"@"SEL$4")
      SWAP_JOIN_INPUTS(@"SEL$81719215" "D"@"SEL$3")
      END_OUTLINE_DATA
  */

Predicate Information (identified by operation id):
---------------------------------------------------

   2 - access("D"."ID"="E"."FKCOL")
   3 - access("C"."ID"="D"."FKCOL")
   4 - filter("D"."ID"<=900)
   5 - access("B"."ID"="C"."FKCOL")
   6 - access("A"."ID"="B"."FKCOL")
  10 - filter("E"."FKCOL"<=900)

Column Projection Information (identified by operation id):
-----------------------------------------------------------

   1 - (#keys=0) SUM("E"."ID")[22], SUM("D"."ID")[22], SUM("C"."ID")[22],
       SUM("B"."ID")[22], SUM("A"."ID")[22]
   2 - (#keys=1; rowset=256) "D"."ID"[NUMBER,22], "C"."ID"[NUMBER,22],
       "B"."ID"[NUMBER,22], "A"."ID"[NUMBER,22], "E"."ID"[NUMBER,22]
   3 - (#keys=1; rowset=256) "C"."ID"[NUMBER,22], "D"."ID"[NUMBER,22],
       "B"."ID"[NUMBER,22], "A"."ID"[NUMBER,22]
   4 - (rowset=256) "D"."ID"[NUMBER,22], "D"."FKCOL"[NUMBER,22]
   5 - (#keys=1; rowset=256) "B"."ID"[NUMBER,22], "A"."ID"[NUMBER,22],
       "C"."ID"[NUMBER,22]
   6 - (#keys=1; rowset=256) "A"."ID"[NUMBER,22], "B"."ID"[NUMBER,22]
   7 - (rowset=256) "A"."ID"[NUMBER,22]
   8 - (rowset=256) "B"."ID"[NUMBER,22], "B"."FKCOL"[NUMBER,22]
   9 - (rowset=256) "C"."ID"[NUMBER,22], "C"."FKCOL"[NUMBER,22]
  10 - (rowset=256) "E"."ID"[NUMBER,22], "E"."FKCOL"[NUMBER,22]


101 rows selected.

Elapsed: 00:00:00.11
SQL> spool off
