SQL> @q9
SQL> --
SQL> -- An execution plan with a join
SQL> --
SQL> select e.ename as "Employee Name",
  2         t.tname as "Task Name"
  3  from   employees        e
  4         join tasks t on (t.emp_id = e.id)
  5  where  e.etype <= 5;

Employee Name
----------------------------------------------------------------------------------------------------
Task Name
----------------------------------------------------------------------------------------------------
Employee Name 1
Task Name 10000

Employee Name 1
Task Name 20000

Employee Name 2
Task Name 1

Employee Name 2
Task Name 10001

Employee Name 3
Task Name 2

Employee Name 3
Task Name 10002

Employee Name 4
Task Name 3

Employee Name 4
Task Name 10003

Employee Name 500
Task Name 10499

Employee Name 500
Task Name 499

Employee Name 501
Task Name 10500

Employee Name 501
Task Name 500

Employee Name 502
Task Name 10501

Employee Name 502
Task Name 501

Employee Name 503
Task Name 10502

Employee Name 503
Task Name 502

Employee Name 504
Task Name 10503

Employee Name 504
Task Name 503

Employee Name 1500
Task Name 1499

Employee Name 1500
Task Name 11499

Employee Name 1501
Task Name 1500

Employee Name 1501
Task Name 11500

Employee Name 1502
Task Name 1501

Employee Name 1502
Task Name 11501

Employee Name 1503
Task Name 1502

Employee Name 1503
Task Name 11502

Employee Name 1504
Task Name 1503

Employee Name 1504
Task Name 11503

Employee Name 1000
Task Name 999

Employee Name 1000
Task Name 10999

Employee Name 1001
Task Name 1000

Employee Name 1001
Task Name 11000

Employee Name 1002
Task Name 1001

Employee Name 1002
Task Name 11001

Employee Name 1003
Task Name 1002

Employee Name 1003
Task Name 11002

Employee Name 1004
Task Name 1003

Employee Name 1004
Task Name 11003

Employee Name 2500
Task Name 2499

Employee Name 2500
Task Name 12499

Employee Name 2501
Task Name 2500

Employee Name 2501
Task Name 12500

Employee Name 2502
Task Name 2501

Employee Name 2502
Task Name 12501

Employee Name 2503
Task Name 2502

Employee Name 2503
Task Name 12502

Employee Name 2504
Task Name 2503

Employee Name 2504
Task Name 12503

Employee Name 2000
Task Name 1999

Employee Name 2000
Task Name 11999

Employee Name 2001
Task Name 2000

Employee Name 2001
Task Name 12000

Employee Name 2002
Task Name 2001

Employee Name 2002
Task Name 12001

Employee Name 2003
Task Name 2002

Employee Name 2003
Task Name 12002

Employee Name 2004
Task Name 2003

Employee Name 2004
Task Name 12003

Employee Name 3000
Task Name 2999

Employee Name 3000
Task Name 12999

Employee Name 3001
Task Name 3000

Employee Name 3001
Task Name 13000

Employee Name 3002
Task Name 3001

Employee Name 3002
Task Name 13001

Employee Name 3003
Task Name 3002

Employee Name 3003
Task Name 13002

Employee Name 3004
Task Name 3003

Employee Name 3004
Task Name 13003

Employee Name 4000
Task Name 3999

Employee Name 4000
Task Name 13999

Employee Name 4001
Task Name 4000

Employee Name 4001
Task Name 14000

Employee Name 4002
Task Name 4001

Employee Name 4002
Task Name 14001

Employee Name 4003
Task Name 4002

Employee Name 4003
Task Name 14002

Employee Name 4004
Task Name 4003

Employee Name 4004
Task Name 14003

Employee Name 3500
Task Name 3499

Employee Name 3500
Task Name 13499

Employee Name 3501
Task Name 3500

Employee Name 3501
Task Name 13500

Employee Name 3502
Task Name 3501

Employee Name 3502
Task Name 13501

Employee Name 3503
Task Name 3502

Employee Name 3503
Task Name 13502

Employee Name 3504
Task Name 3503

Employee Name 3504
Task Name 13503

Employee Name 5000
Task Name 4999

Employee Name 5000
Task Name 14999

Employee Name 5001
Task Name 5000

Employee Name 5001
Task Name 15000

Employee Name 5002
Task Name 5001

Employee Name 5002
Task Name 15001

Employee Name 5003
Task Name 5002

Employee Name 5003
Task Name 15002

Employee Name 5004
Task Name 5003

Employee Name 5004
Task Name 15003

Employee Name 4500
Task Name 4499

Employee Name 4500
Task Name 14499

Employee Name 4501
Task Name 4500

Employee Name 4501
Task Name 14500

Employee Name 4502
Task Name 4501

Employee Name 4502
Task Name 14501

Employee Name 4503
Task Name 4502

Employee Name 4503
Task Name 14502

Employee Name 4504
Task Name 4503

Employee Name 4504
Task Name 14503

Employee Name 6000
Task Name 5999

Employee Name 6000
Task Name 15999

Employee Name 6001
Task Name 6000

Employee Name 6001
Task Name 16000

Employee Name 6002
Task Name 6001

Employee Name 6002
Task Name 16001

Employee Name 6003
Task Name 6002

Employee Name 6003
Task Name 16002

Employee Name 6004
Task Name 6003

Employee Name 6004
Task Name 16003

Employee Name 5500
Task Name 5499

Employee Name 5500
Task Name 15499

Employee Name 5501
Task Name 5500

Employee Name 5501
Task Name 15500

Employee Name 5502
Task Name 5501

Employee Name 5502
Task Name 15501

Employee Name 5503
Task Name 5502

Employee Name 5503
Task Name 15502

Employee Name 5504
Task Name 5503

Employee Name 5504
Task Name 15503

Employee Name 7000
Task Name 6999

Employee Name 7000
Task Name 16999

Employee Name 6504
Task Name 6503

Employee Name 6504
Task Name 16503

Employee Name 6500
Task Name 6499

Employee Name 6500
Task Name 16499

Employee Name 6501
Task Name 6500

Employee Name 6501
Task Name 16500

Employee Name 6502
Task Name 6501

Employee Name 6502
Task Name 16501

Employee Name 6503
Task Name 6502

Employee Name 6503
Task Name 16502

Employee Name 7500
Task Name 7499

Employee Name 7500
Task Name 17499

Employee Name 7501
Task Name 7500

Employee Name 7501
Task Name 17500

Employee Name 7502
Task Name 7501

Employee Name 7502
Task Name 17501

Employee Name 7503
Task Name 7502

Employee Name 7503
Task Name 17502

Employee Name 7504
Task Name 7503

Employee Name 7504
Task Name 17503

Employee Name 7001
Task Name 7000

Employee Name 7001
Task Name 17000

Employee Name 7002
Task Name 7001

Employee Name 7002
Task Name 17001

Employee Name 7003
Task Name 7002

Employee Name 7003
Task Name 17002

Employee Name 7004
Task Name 7003

Employee Name 7004
Task Name 17003

Employee Name 8500
Task Name 8499

Employee Name 8500
Task Name 18499

Employee Name 8501
Task Name 8500

Employee Name 8501
Task Name 18500

Employee Name 8502
Task Name 8501

Employee Name 8502
Task Name 18501

Employee Name 8503
Task Name 8502

Employee Name 8503
Task Name 18502

Employee Name 8504
Task Name 8503

Employee Name 8504
Task Name 18503

Employee Name 8002
Task Name 8001

Employee Name 8002
Task Name 18001

Employee Name 8003
Task Name 8002

Employee Name 8003
Task Name 18002

Employee Name 8004
Task Name 8003

Employee Name 8004
Task Name 18003

Employee Name 8000
Task Name 7999

Employee Name 8000
Task Name 17999

Employee Name 8001
Task Name 8000

Employee Name 8001
Task Name 18000

Employee Name 9500
Task Name 9499

Employee Name 9500
Task Name 19499

Employee Name 9501
Task Name 9500

Employee Name 9501
Task Name 19500

Employee Name 9502
Task Name 9501

Employee Name 9502
Task Name 19501

Employee Name 9503
Task Name 9502

Employee Name 9503
Task Name 19502

Employee Name 9504
Task Name 9503

Employee Name 9504
Task Name 19503

Employee Name 9000
Task Name 8999

Employee Name 9000
Task Name 18999

Employee Name 9001
Task Name 9000

Employee Name 9001
Task Name 19000

Employee Name 9002
Task Name 9001

Employee Name 9002
Task Name 19001

Employee Name 9003
Task Name 9002

Employee Name 9003
Task Name 19002

Employee Name 9004
Task Name 9003

Employee Name 9004
Task Name 19003

Employee Name 10000
Task Name 9999

Employee Name 10000
Task Name 19999


200 rows selected.

Elapsed: 00:00:00.03
SQL> 
SQL> @@adv
SQL> set linesize 200
SQL> set tab off
SQL> set pagesize 1000
SQL> column plan_table_output format a180
SQL> 
SQL> SELECT *
  2  FROM table(DBMS_XPLAN.DISPLAY_CURSOR(FORMAT=>'ALL +OUTLINE'));

PLAN_TABLE_OUTPUT
------------------------------------------------------------------------------------------------------------------------------------------------------------------------------------
SQL_ID  3fcsx0s6qvn3u, child number 0
-------------------------------------
select e.ename as "Employee Name",        t.tname as "Task Name" from
employees        e        join tasks t on (t.emp_id = e.id) where
e.etype <= 5

Plan hash value: 3781230987

--------------------------------------------------------------------------------------------
| Id  | Operation                    | Name        | Rows  | Bytes | Cost (%CPU)| Time     |
--------------------------------------------------------------------------------------------
|   0 | SELECT STATEMENT             |             |       |       |   710 (100)|          |
|   1 |  NESTED LOOPS                |             |   200 |  9400 |   710   (1)| 00:00:01 |
|   2 |   NESTED LOOPS               |             |   200 |  9400 |   710   (1)| 00:00:01 |
|*  3 |    TABLE ACCESS FULL         | EMPLOYEES   |   100 |  2700 |   410   (1)| 00:00:01 |
|*  4 |    INDEX RANGE SCAN          | TASK_EMP_FK |     2 |       |     1   (0)| 00:00:01 |
|   5 |   TABLE ACCESS BY INDEX ROWID| TASKS       |     2 |    40 |     3   (0)| 00:00:01 |
--------------------------------------------------------------------------------------------

Query Block Name / Object Alias (identified by operation id):
-------------------------------------------------------------

   1 - SEL$58A6D7F6
   3 - SEL$58A6D7F6 / E@SEL$1
   4 - SEL$58A6D7F6 / T@SEL$1
   5 - SEL$58A6D7F6 / T@SEL$1

Outline Data
-------------

  /*+
      BEGIN_OUTLINE_DATA
      IGNORE_OPTIM_EMBEDDED_HINTS
      OPTIMIZER_FEATURES_ENABLE('12.2.0.1')
      DB_VERSION('12.2.0.1')
      ALL_ROWS
      OUTLINE_LEAF(@"SEL$58A6D7F6")
      MERGE(@"SEL$1" >"SEL$2")
      OUTLINE(@"SEL$2")
      OUTLINE(@"SEL$1")
      FULL(@"SEL$58A6D7F6" "E"@"SEL$1")
      INDEX(@"SEL$58A6D7F6" "T"@"SEL$1" ("TASKS"."EMP_ID"))
      LEADING(@"SEL$58A6D7F6" "E"@"SEL$1" "T"@"SEL$1")
      USE_NL(@"SEL$58A6D7F6" "T"@"SEL$1")
      NLJ_BATCHING(@"SEL$58A6D7F6" "T"@"SEL$1")
      END_OUTLINE_DATA
  */

Predicate Information (identified by operation id):
---------------------------------------------------

   3 - filter("E"."ETYPE"<=5)
   4 - access("T"."EMP_ID"="E"."ID")

Column Projection Information (identified by operation id):
-----------------------------------------------------------

   1 - "E"."ID"[NUMBER,22], "E"."ENAME"[VARCHAR2,100], "T"."TNAME"[VARCHAR2,100]
   2 - "E"."ID"[NUMBER,22], "E"."ENAME"[VARCHAR2,100], "T".ROWID[ROWID,10]
   3 - "E"."ID"[NUMBER,22], "E"."ENAME"[VARCHAR2,100]
   4 - "T".ROWID[ROWID,10]
   5 - "T"."TNAME"[VARCHAR2,100]

Note
-----
   - this is an adaptive plan


67 rows selected.

Elapsed: 00:00:00.06
SQL> 
SQL> pause Press <cr> to continue
Press <cr> to continue

SQL> 
SQL> select
  2    /*+
  3        gather_plan_statistics
  4    */
  5         e.ename as "Employee Name",
  6         t.tname as "Task Name"
  7  from   employees        e
  8         join tasks t on (t.emp_id = e.id)
  9  where  e.etype <= 5;

Employee Name
----------------------------------------------------------------------------------------------------
Task Name
----------------------------------------------------------------------------------------------------
Employee Name 1
Task Name 10000

Employee Name 1
Task Name 20000

Employee Name 2
Task Name 1

Employee Name 2
Task Name 10001

Employee Name 3
Task Name 2

Employee Name 3
Task Name 10002

Employee Name 4
Task Name 3

Employee Name 4
Task Name 10003

Employee Name 500
Task Name 10499

Employee Name 500
Task Name 499

Employee Name 501
Task Name 10500

Employee Name 501
Task Name 500

Employee Name 502
Task Name 10501

Employee Name 502
Task Name 501

Employee Name 503
Task Name 10502

Employee Name 503
Task Name 502

Employee Name 504
Task Name 10503

Employee Name 504
Task Name 503

Employee Name 1500
Task Name 1499

Employee Name 1500
Task Name 11499

Employee Name 1501
Task Name 1500

Employee Name 1501
Task Name 11500

Employee Name 1502
Task Name 1501

Employee Name 1502
Task Name 11501

Employee Name 1503
Task Name 1502

Employee Name 1503
Task Name 11502

Employee Name 1504
Task Name 1503

Employee Name 1504
Task Name 11503

Employee Name 1000
Task Name 999

Employee Name 1000
Task Name 10999

Employee Name 1001
Task Name 1000

Employee Name 1001
Task Name 11000

Employee Name 1002
Task Name 1001

Employee Name 1002
Task Name 11001

Employee Name 1003
Task Name 1002

Employee Name 1003
Task Name 11002

Employee Name 1004
Task Name 1003

Employee Name 1004
Task Name 11003

Employee Name 2500
Task Name 2499

Employee Name 2500
Task Name 12499

Employee Name 2501
Task Name 2500

Employee Name 2501
Task Name 12500

Employee Name 2502
Task Name 2501

Employee Name 2502
Task Name 12501

Employee Name 2503
Task Name 2502

Employee Name 2503
Task Name 12502

Employee Name 2504
Task Name 2503

Employee Name 2504
Task Name 12503

Employee Name 2000
Task Name 1999

Employee Name 2000
Task Name 11999

Employee Name 2001
Task Name 2000

Employee Name 2001
Task Name 12000

Employee Name 2002
Task Name 2001

Employee Name 2002
Task Name 12001

Employee Name 2003
Task Name 2002

Employee Name 2003
Task Name 12002

Employee Name 2004
Task Name 2003

Employee Name 2004
Task Name 12003

Employee Name 3000
Task Name 2999

Employee Name 3000
Task Name 12999

Employee Name 3001
Task Name 3000

Employee Name 3001
Task Name 13000

Employee Name 3002
Task Name 3001

Employee Name 3002
Task Name 13001

Employee Name 3003
Task Name 3002

Employee Name 3003
Task Name 13002

Employee Name 3004
Task Name 3003

Employee Name 3004
Task Name 13003

Employee Name 4000
Task Name 3999

Employee Name 4000
Task Name 13999

Employee Name 4001
Task Name 4000

Employee Name 4001
Task Name 14000

Employee Name 4002
Task Name 4001

Employee Name 4002
Task Name 14001

Employee Name 4003
Task Name 4002

Employee Name 4003
Task Name 14002

Employee Name 4004
Task Name 4003

Employee Name 4004
Task Name 14003

Employee Name 3500
Task Name 3499

Employee Name 3500
Task Name 13499

Employee Name 3501
Task Name 3500

Employee Name 3501
Task Name 13500

Employee Name 3502
Task Name 3501

Employee Name 3502
Task Name 13501

Employee Name 3503
Task Name 3502

Employee Name 3503
Task Name 13502

Employee Name 3504
Task Name 3503

Employee Name 3504
Task Name 13503

Employee Name 5000
Task Name 4999

Employee Name 5000
Task Name 14999

Employee Name 5001
Task Name 5000

Employee Name 5001
Task Name 15000

Employee Name 5002
Task Name 5001

Employee Name 5002
Task Name 15001

Employee Name 5003
Task Name 5002

Employee Name 5003
Task Name 15002

Employee Name 5004
Task Name 5003

Employee Name 5004
Task Name 15003

Employee Name 4500
Task Name 4499

Employee Name 4500
Task Name 14499

Employee Name 4501
Task Name 4500

Employee Name 4501
Task Name 14500

Employee Name 4502
Task Name 4501

Employee Name 4502
Task Name 14501

Employee Name 4503
Task Name 4502

Employee Name 4503
Task Name 14502

Employee Name 4504
Task Name 4503

Employee Name 4504
Task Name 14503

Employee Name 6000
Task Name 5999

Employee Name 6000
Task Name 15999

Employee Name 6001
Task Name 6000

Employee Name 6001
Task Name 16000

Employee Name 6002
Task Name 6001

Employee Name 6002
Task Name 16001

Employee Name 6003
Task Name 6002

Employee Name 6003
Task Name 16002

Employee Name 6004
Task Name 6003

Employee Name 6004
Task Name 16003

Employee Name 5500
Task Name 5499

Employee Name 5500
Task Name 15499

Employee Name 5501
Task Name 5500

Employee Name 5501
Task Name 15500

Employee Name 5502
Task Name 5501

Employee Name 5502
Task Name 15501

Employee Name 5503
Task Name 5502

Employee Name 5503
Task Name 15502

Employee Name 5504
Task Name 5503

Employee Name 5504
Task Name 15503

Employee Name 7000
Task Name 6999

Employee Name 7000
Task Name 16999

Employee Name 6504
Task Name 6503

Employee Name 6504
Task Name 16503

Employee Name 6500
Task Name 6499

Employee Name 6500
Task Name 16499

Employee Name 6501
Task Name 6500

Employee Name 6501
Task Name 16500

Employee Name 6502
Task Name 6501

Employee Name 6502
Task Name 16501

Employee Name 6503
Task Name 6502

Employee Name 6503
Task Name 16502

Employee Name 7500
Task Name 7499

Employee Name 7500
Task Name 17499

Employee Name 7501
Task Name 7500

Employee Name 7501
Task Name 17500

Employee Name 7502
Task Name 7501

Employee Name 7502
Task Name 17501

Employee Name 7503
Task Name 7502

Employee Name 7503
Task Name 17502

Employee Name 7504
Task Name 7503

Employee Name 7504
Task Name 17503

Employee Name 7001
Task Name 7000

Employee Name 7001
Task Name 17000

Employee Name 7002
Task Name 7001

Employee Name 7002
Task Name 17001

Employee Name 7003
Task Name 7002

Employee Name 7003
Task Name 17002

Employee Name 7004
Task Name 7003

Employee Name 7004
Task Name 17003

Employee Name 8500
Task Name 8499

Employee Name 8500
Task Name 18499

Employee Name 8501
Task Name 8500

Employee Name 8501
Task Name 18500

Employee Name 8502
Task Name 8501

Employee Name 8502
Task Name 18501

Employee Name 8503
Task Name 8502

Employee Name 8503
Task Name 18502

Employee Name 8504
Task Name 8503

Employee Name 8504
Task Name 18503

Employee Name 8002
Task Name 8001

Employee Name 8002
Task Name 18001

Employee Name 8003
Task Name 8002

Employee Name 8003
Task Name 18002

Employee Name 8004
Task Name 8003

Employee Name 8004
Task Name 18003

Employee Name 8000
Task Name 7999

Employee Name 8000
Task Name 17999

Employee Name 8001
Task Name 8000

Employee Name 8001
Task Name 18000

Employee Name 9500
Task Name 9499

Employee Name 9500
Task Name 19499

Employee Name 9501
Task Name 9500

Employee Name 9501
Task Name 19500

Employee Name 9502
Task Name 9501

Employee Name 9502
Task Name 19501

Employee Name 9503
Task Name 9502

Employee Name 9503
Task Name 19502

Employee Name 9504
Task Name 9503

Employee Name 9504
Task Name 19503

Employee Name 9000
Task Name 8999

Employee Name 9000
Task Name 18999

Employee Name 9001
Task Name 9000

Employee Name 9001
Task Name 19000

Employee Name 9002
Task Name 9001

Employee Name 9002
Task Name 19001

Employee Name 9003
Task Name 9002

Employee Name 9003
Task Name 19002

Employee Name 9004
Task Name 9003

Employee Name 9004
Task Name 19003

Employee Name 10000
Task Name 9999

Employee Name 10000
Task Name 19999


200 rows selected.

Elapsed: 00:00:00.05
SQL> 
SQL> @@sta
SQL> set linesize 200
SQL> set tab off
SQL> set pagesize 1000
SQL> column plan_table_output format a180
SQL> 
SQL> SELECT *
  2  FROM table(DBMS_XPLAN.DISPLAY_CURSOR(FORMAT=>'LAST ALLSTATS -MEMSTATS'));

PLAN_TABLE_OUTPUT
------------------------------------------------------------------------------------------------------------------------------------------------------------------------------------
SQL_ID  908q45837tm18, child number 0
-------------------------------------
select   /*+       gather_plan_statistics   */        e.ename as
"Employee Name",        t.tname as "Task Name" from   employees
e        join tasks t on (t.emp_id = e.id) where  e.etype <= 5

Plan hash value: 3781230987

--------------------------------------------------------------------------------------------------------------------------------------
| Id  | Operation                    | Name        | Starts | E-Rows |E-Bytes| Cost (%CPU)| E-Time   | A-Rows |   A-Time   | Buffers |
--------------------------------------------------------------------------------------------------------------------------------------
|   0 | SELECT STATEMENT             |             |      1 |        |       |   710 (100)|          |    200 |00:00:00.02 |    1799 |
|   1 |  NESTED LOOPS                |             |      1 |    200 |  9400 |   710   (1)| 00:00:01 |    200 |00:00:00.03 |    1799 |
|   2 |   NESTED LOOPS               |             |      1 |    200 |  9400 |   710   (1)| 00:00:01 |    200 |00:00:00.02 |    1599 |
|*  3 |    TABLE ACCESS FULL         | EMPLOYEES   |      1 |    100 |  2700 |   410   (1)| 00:00:01 |    100 |00:00:00.01 |    1452 |
|*  4 |    INDEX RANGE SCAN          | TASK_EMP_FK |    100 |      2 |       |     1   (0)| 00:00:01 |    200 |00:00:00.01 |     147 |
|   5 |   TABLE ACCESS BY INDEX ROWID| TASKS       |    200 |      2 |    40 |     3   (0)| 00:00:01 |    200 |00:00:00.01 |     200 |
--------------------------------------------------------------------------------------------------------------------------------------

Predicate Information (identified by operation id):
---------------------------------------------------

   3 - filter("E"."ETYPE"<=5)
   4 - access("T"."EMP_ID"="E"."ID")

Note
-----
   - this is an adaptive plan


29 rows selected.

Elapsed: 00:00:00.12
SQL> 
SQL> pause Press <cr> to continue
Press <cr> to continue

SQL> 
SQL> select
  2    /*+
  3        BEGIN_OUTLINE_DATA
  4        IGNORE_OPTIM_EMBEDDED_HINTS
  5        gather_plan_statistics
  6        OPTIMIZER_FEATURES_ENABLE('12.2.0.1')
  7        DB_VERSION('12.2.0.1')
  8        ALL_ROWS
  9        OUTLINE_LEAF(@"SEL$58A6D7F6")
 10        MERGE(@"SEL$1" >"SEL$2")
 11        OUTLINE(@"SEL$2")
 12        OUTLINE(@"SEL$1")
 13        FULL(@"SEL$58A6D7F6" "E"@"SEL$1")
 14        INDEX(@"SEL$58A6D7F6" "T"@"SEL$1" ("TASKS"."EMP_ID"))
 15        LEADING(@"SEL$58A6D7F6" "E"@"SEL$1" "T"@"SEL$1")
 16        USE_NL(@"SEL$58A6D7F6" "T"@"SEL$1")
 17        NO_NLJ_BATCHING(@"SEL$58A6D7F6" "T"@"SEL$1")
 18        END_OUTLINE_DATA
 19    */
 20         e.ename as "Employee Name",
 21         t.tname as "Task Name"
 22  from   employees        e
 23         join tasks t on (t.emp_id = e.id)
 24  where  e.etype <= 5;

Employee Name
----------------------------------------------------------------------------------------------------
Task Name
----------------------------------------------------------------------------------------------------
Employee Name 1
Task Name 10000

Employee Name 1
Task Name 20000

Employee Name 2
Task Name 1

Employee Name 2
Task Name 10001

Employee Name 3
Task Name 2

Employee Name 3
Task Name 10002

Employee Name 4
Task Name 3

Employee Name 4
Task Name 10003

Employee Name 500
Task Name 10499

Employee Name 500
Task Name 499

Employee Name 501
Task Name 10500

Employee Name 501
Task Name 500

Employee Name 502
Task Name 10501

Employee Name 502
Task Name 501

Employee Name 503
Task Name 10502

Employee Name 503
Task Name 502

Employee Name 504
Task Name 10503

Employee Name 504
Task Name 503

Employee Name 1500
Task Name 1499

Employee Name 1500
Task Name 11499

Employee Name 1501
Task Name 1500

Employee Name 1501
Task Name 11500

Employee Name 1502
Task Name 1501

Employee Name 1502
Task Name 11501

Employee Name 1503
Task Name 1502

Employee Name 1503
Task Name 11502

Employee Name 1504
Task Name 1503

Employee Name 1504
Task Name 11503

Employee Name 1000
Task Name 999

Employee Name 1000
Task Name 10999

Employee Name 1001
Task Name 1000

Employee Name 1001
Task Name 11000

Employee Name 1002
Task Name 1001

Employee Name 1002
Task Name 11001

Employee Name 1003
Task Name 1002

Employee Name 1003
Task Name 11002

Employee Name 1004
Task Name 1003

Employee Name 1004
Task Name 11003

Employee Name 2500
Task Name 2499

Employee Name 2500
Task Name 12499

Employee Name 2501
Task Name 2500

Employee Name 2501
Task Name 12500

Employee Name 2502
Task Name 2501

Employee Name 2502
Task Name 12501

Employee Name 2503
Task Name 2502

Employee Name 2503
Task Name 12502

Employee Name 2504
Task Name 2503

Employee Name 2504
Task Name 12503

Employee Name 2000
Task Name 1999

Employee Name 2000
Task Name 11999

Employee Name 2001
Task Name 2000

Employee Name 2001
Task Name 12000

Employee Name 2002
Task Name 2001

Employee Name 2002
Task Name 12001

Employee Name 2003
Task Name 2002

Employee Name 2003
Task Name 12002

Employee Name 2004
Task Name 2003

Employee Name 2004
Task Name 12003

Employee Name 3000
Task Name 2999

Employee Name 3000
Task Name 12999

Employee Name 3001
Task Name 3000

Employee Name 3001
Task Name 13000

Employee Name 3002
Task Name 3001

Employee Name 3002
Task Name 13001

Employee Name 3003
Task Name 3002

Employee Name 3003
Task Name 13002

Employee Name 3004
Task Name 3003

Employee Name 3004
Task Name 13003

Employee Name 4000
Task Name 3999

Employee Name 4000
Task Name 13999

Employee Name 4001
Task Name 4000

Employee Name 4001
Task Name 14000

Employee Name 4002
Task Name 4001

Employee Name 4002
Task Name 14001

Employee Name 4003
Task Name 4002

Employee Name 4003
Task Name 14002

Employee Name 4004
Task Name 4003

Employee Name 4004
Task Name 14003

Employee Name 3500
Task Name 3499

Employee Name 3500
Task Name 13499

Employee Name 3501
Task Name 3500

Employee Name 3501
Task Name 13500

Employee Name 3502
Task Name 3501

Employee Name 3502
Task Name 13501

Employee Name 3503
Task Name 3502

Employee Name 3503
Task Name 13502

Employee Name 3504
Task Name 3503

Employee Name 3504
Task Name 13503

Employee Name 5000
Task Name 4999

Employee Name 5000
Task Name 14999

Employee Name 5001
Task Name 5000

Employee Name 5001
Task Name 15000

Employee Name 5002
Task Name 5001

Employee Name 5002
Task Name 15001

Employee Name 5003
Task Name 5002

Employee Name 5003
Task Name 15002

Employee Name 5004
Task Name 5003

Employee Name 5004
Task Name 15003

Employee Name 4500
Task Name 4499

Employee Name 4500
Task Name 14499

Employee Name 4501
Task Name 4500

Employee Name 4501
Task Name 14500

Employee Name 4502
Task Name 4501

Employee Name 4502
Task Name 14501

Employee Name 4503
Task Name 4502

Employee Name 4503
Task Name 14502

Employee Name 4504
Task Name 4503

Employee Name 4504
Task Name 14503

Employee Name 6000
Task Name 5999

Employee Name 6000
Task Name 15999

Employee Name 6001
Task Name 6000

Employee Name 6001
Task Name 16000

Employee Name 6002
Task Name 6001

Employee Name 6002
Task Name 16001

Employee Name 6003
Task Name 6002

Employee Name 6003
Task Name 16002

Employee Name 6004
Task Name 6003

Employee Name 6004
Task Name 16003

Employee Name 5500
Task Name 5499

Employee Name 5500
Task Name 15499

Employee Name 5501
Task Name 5500

Employee Name 5501
Task Name 15500

Employee Name 5502
Task Name 5501

Employee Name 5502
Task Name 15501

Employee Name 5503
Task Name 5502

Employee Name 5503
Task Name 15502

Employee Name 5504
Task Name 5503

Employee Name 5504
Task Name 15503

Employee Name 7000
Task Name 6999

Employee Name 7000
Task Name 16999

Employee Name 6504
Task Name 6503

Employee Name 6504
Task Name 16503

Employee Name 6500
Task Name 6499

Employee Name 6500
Task Name 16499

Employee Name 6501
Task Name 6500

Employee Name 6501
Task Name 16500

Employee Name 6502
Task Name 6501

Employee Name 6502
Task Name 16501

Employee Name 6503
Task Name 6502

Employee Name 6503
Task Name 16502

Employee Name 7500
Task Name 7499

Employee Name 7500
Task Name 17499

Employee Name 7501
Task Name 7500

Employee Name 7501
Task Name 17500

Employee Name 7502
Task Name 7501

Employee Name 7502
Task Name 17501

Employee Name 7503
Task Name 7502

Employee Name 7503
Task Name 17502

Employee Name 7504
Task Name 7503

Employee Name 7504
Task Name 17503

Employee Name 7001
Task Name 7000

Employee Name 7001
Task Name 17000

Employee Name 7002
Task Name 7001

Employee Name 7002
Task Name 17001

Employee Name 7003
Task Name 7002

Employee Name 7003
Task Name 17002

Employee Name 7004
Task Name 7003

Employee Name 7004
Task Name 17003

Employee Name 8500
Task Name 8499

Employee Name 8500
Task Name 18499

Employee Name 8501
Task Name 8500

Employee Name 8501
Task Name 18500

Employee Name 8502
Task Name 8501

Employee Name 8502
Task Name 18501

Employee Name 8503
Task Name 8502

Employee Name 8503
Task Name 18502

Employee Name 8504
Task Name 8503

Employee Name 8504
Task Name 18503

Employee Name 8002
Task Name 8001

Employee Name 8002
Task Name 18001

Employee Name 8003
Task Name 8002

Employee Name 8003
Task Name 18002

Employee Name 8004
Task Name 8003

Employee Name 8004
Task Name 18003

Employee Name 8000
Task Name 7999

Employee Name 8000
Task Name 17999

Employee Name 8001
Task Name 8000

Employee Name 8001
Task Name 18000

Employee Name 9500
Task Name 9499

Employee Name 9500
Task Name 19499

Employee Name 9501
Task Name 9500

Employee Name 9501
Task Name 19500

Employee Name 9502
Task Name 9501

Employee Name 9502
Task Name 19501

Employee Name 9503
Task Name 9502

Employee Name 9503
Task Name 19502

Employee Name 9504
Task Name 9503

Employee Name 9504
Task Name 19503

Employee Name 9000
Task Name 8999

Employee Name 9000
Task Name 18999

Employee Name 9001
Task Name 9000

Employee Name 9001
Task Name 19000

Employee Name 9002
Task Name 9001

Employee Name 9002
Task Name 19001

Employee Name 9003
Task Name 9002

Employee Name 9003
Task Name 19002

Employee Name 9004
Task Name 9003

Employee Name 9004
Task Name 19003

Employee Name 10000
Task Name 9999

Employee Name 10000
Task Name 19999


200 rows selected.

Elapsed: 00:00:00.04
SQL> 
SQL> @@sta
SQL> set linesize 200
SQL> set tab off
SQL> set pagesize 1000
SQL> column plan_table_output format a180
SQL> 
SQL> SELECT *
  2  FROM table(DBMS_XPLAN.DISPLAY_CURSOR(FORMAT=>'LAST ALLSTATS -MEMSTATS'));

PLAN_TABLE_OUTPUT
------------------------------------------------------------------------------------------------------------------------------------------------------------------------------------
SQL_ID  2q2vfwdyqyz8v, child number 0
-------------------------------------
select   /*+       BEGIN_OUTLINE_DATA       IGNORE_OPTIM_EMBEDDED_HINTS
      gather_plan_statistics       OPTIMIZER_FEATURES_ENABLE('12.2.0.1')
       DB_VERSION('12.2.0.1')       ALL_ROWS
OUTLINE_LEAF(@"SEL$58A6D7F6")       MERGE(@"SEL$1" >"SEL$2")
OUTLINE(@"SEL$2")       OUTLINE(@"SEL$1")       FULL(@"SEL$58A6D7F6"
"E"@"SEL$1")       INDEX(@"SEL$58A6D7F6" "T"@"SEL$1"
("TASKS"."EMP_ID"))       LEADING(@"SEL$58A6D7F6" "E"@"SEL$1"
"T"@"SEL$1")       USE_NL(@"SEL$58A6D7F6" "T"@"SEL$1")
NO_NLJ_BATCHING(@"SEL$58A6D7F6" "T"@"SEL$1")       END_OUTLINE_DATA
*/        e.ename as "Employee Name",        t.tname as "Task Name"
from   employees        e        join tasks t on (t.emp_id = e.id)
where  e.etype <= 5

Plan hash value: 3520663625

--------------------------------------------------------------------------------------------------------------------------------------
| Id  | Operation                    | Name        | Starts | E-Rows |E-Bytes| Cost (%CPU)| E-Time   | A-Rows |   A-Time   | Buffers |
--------------------------------------------------------------------------------------------------------------------------------------
|   0 | SELECT STATEMENT             |             |      1 |        |       |   710 (100)|          |    200 |00:00:00.03 |    1812 |
|   1 |  NESTED LOOPS                |             |      1 |    200 |  9400 |   710   (1)| 00:00:01 |    200 |00:00:00.03 |    1812 |
|*  2 |   TABLE ACCESS FULL          | EMPLOYEES   |      1 |    100 |  2700 |   410   (1)| 00:00:01 |    100 |00:00:00.01 |    1465 |
|   3 |   TABLE ACCESS BY INDEX ROWID| TASKS       |    100 |      2 |    40 |     3   (0)| 00:00:01 |    200 |00:00:00.01 |     347 |
|*  4 |    INDEX RANGE SCAN          | TASK_EMP_FK |    100 |      2 |       |     1   (0)| 00:00:01 |    200 |00:00:00.01 |     147 |
--------------------------------------------------------------------------------------------------------------------------------------

Predicate Information (identified by operation id):
---------------------------------------------------

   2 - filter("E"."ETYPE"<=5)
   4 - access("T"."EMP_ID"="E"."ID")


33 rows selected.

Elapsed: 00:00:00.03
SQL> 
SQL> spool off
